,LineNumber,LineType,Product,DueDate,OrderQuantity,UnitPrice,DiscountRate,LineTotal,Volume,Weight,Comments,AverageLandedPriceAtTimeOfSale,TaxRate,LineTax,XeroTaxCode,BCUnitPrice,BCLineTotal,BCLineTax,LineTaxCode,XeroSalesAccount,SerialNumbers,BatchNumbers,Guid,LastModifiedOn,SalesOrders_Guid
0,1,,fa8403d6-b438-4b4c-ad47-96c5ca686c98,2021-07-14 13:02:13.916,30.0,124.95,0.0,3748.5,,,,86.3,0.15,562.28,G.S.T.,131.6372,3949.12,592.37,,,,,a6b224f1-2c92-4a23-85b6-124e403802df,2021-06-14 13:02:13.916,c5d2d3ee-f174-4786-819b-de133d30c442
1,2,,db69788b-b294-4cd3-9948-558912bbda80,2021-07-14 13:02:13.916,2.0,147.5,0.0,295.0,,,,80.82229896907216,0.15,44.25,G.S.T.,155.394,310.79,46.62,,,,,03a96121-1f1a-48ef-8862-24fcd9036b59,2021-06-14 13:02:13.916,c5d2d3ee-f174-4786-819b-de133d30c442
2,3,,92749139-34bf-44a7-bfb1-e0aff00e137a,2021-07-14 13:02:13.916,10.0,12.0,0.0,120.0,,,,8.5,0.15,18.0,G.S.T.,12.6422,126.42,18.96,,,,,e8fd9a4b-6af5-4ab1-80d4-ca879320fdd1,2021-06-14 13:02:13.916,c5d2d3ee-f174-4786-819b-de133d30c442
0,1,,e57b4130-ca43-429d-9adf-2d88086d8b3d,2021-07-13 13:02:13.916,20.0,999.0,0.0,19980.0,,,,489.123,0.15,2997.0,G.S.T.,2247.9748,44959.5,6743.92,,,,,27b05456-24c8-494a-930a-f5217164aae0,2021-06-13 13:02:13.916,c5d2d3ee-f174-4786-819b-de133d30c442
0,1,,861fd41a-9cbb-49b1-b35f-651867ef6503,2021-07-10 13:02:13.916,10.0,1699.0,0.0,16990.0,,,,804.3902,0.15,2548.5,G.S.T.,1699.0,16990.0,2548.5,,,,,02ac0c10-1920-4977-bb51-5fdb18fab137,2021-06-10 13:02:13.916,c5d2d3ee-f174-4786-819b-de133d30c442
0,1,,db69788b-b294-4cd3-9948-558912bbda80,2021-07-08 13:02:13.916,12.0,147.5,0.0,1770.0,,,,80.82230275229358,0.0,0.0,NONE,147.5,1770.0,0.0,,,,,0abf7f76-9f94-40ff-925b-6d304e52ba01,2021-06-08 13:02:13.916,c5d2d3ee-f174-4786-819b-de133d30c442
0,1,,fa8403d6-b438-4b4c-ad47-96c5ca686c98,2021-07-05 13:02:13.916,25.0,124.95,0.0,3123.75,,,,86.3,0.15,468.56,G.S.T.,131.6372,3290.93,493.64,,,,,6b8244b3-868b-4f43-b18d-b0d1af32a383,2021-06-05 13:02:13.916,c5d2d3ee-f174-4786-819b-de133d30c442
0,1,,871bcd30-c636-4fe2-a5a0-734bdf961b6c,2021-07-03 13:02:13.916,4.0,2499.99,0.0,9999.96,,,,1774.934493670886,0.15,1499.99,G.S.T.,2499.99,9999.96,1499.99,,,,,94e6538d-c9ec-42d4-bd6f-17fc5e545598,2021-06-03 13:02:13.916,c5d2d3ee-f174-4786-819b-de133d30c442
0,1,,871bcd30-c636-4fe2-a5a0-734bdf961b6c,2021-06-30 13:02:13.916,8.0,2499.99,0.0,19999.92,,,,1774.7322209302326,0.15,2999.99,G.S.T.,2633.7863,21070.29,3160.55,,,,,7e7f6a18-b13f-44ef-8823-2ee8f0339b21,2021-05-31 13:02:13.916,c5d2d3ee-f174-4786-819b-de133d30c442
0,1,,861fd41a-9cbb-49b1-b35f-651867ef6503,2021-06-27 13:02:13.916,6.0,1699.0,0.0,10194.0,,,,804.3901935483871,0.0,0.0,NONE,1699.0,10194.0,0.0,,,,,8d86f546-f247-4a43-892f-44cef3ce00cb,2021-05-28 13:02:13.916,c5d2d3ee-f174-4786-819b-de133d30c442
0,1,,01184e86-570a-4a68-ba0d-9ae46e6d4f5e,2021-06-23 13:02:13.916,30.0,4.99,0.0,149.7,,,,0.0,0.15,22.46,G.S.T.,7.4201,222.6,33.4,,,,,d89a585a-ae11-4302-997d-9005672c1b3d,2021-05-24 13:02:13.916,c5d2d3ee-f174-4786-819b-de133d30c442
1,2,,7b0eda5d-b873-4cd5-8ca0-0d4d279bfbb8,2021-06-23 13:02:13.916,12.0,99.99,0.0,1199.88,,,,40.42938650306748,0.15,179.98,G.S.T.,148.684,1784.21,267.63,,,,,85875483-69cf-458b-b3d9-e9466ec0b170,2021-05-24 13:02:13.916,c5d2d3ee-f174-4786-819b-de133d30c442
2,3,,db69788b-b294-4cd3-9948-558912bbda80,2021-06-23 13:02:13.916,5.0,147.5,0.0,737.5,,,,80.8223,0.15,110.63,G.S.T.,219.3309,1096.65,164.51,,,,,5a29cdd4-65ba-484f-a781-cf867079b543,2021-05-24 13:02:13.916,c5d2d3ee-f174-4786-819b-de133d30c442
0,1,,e57b4130-ca43-429d-9adf-2d88086d8b3d,2021-06-20 13:02:13.916,20.0,999.0,0.0,19980.0,,,,489.123,0.15,2997.0,G.S.T.,999.0,19980.0,2997.0,,,,,ec3f1bd5-0377-4663-8df3-3941dfaf5ddb,2021-05-21 13:02:13.916,c5d2d3ee-f174-4786-819b-de133d30c442
0,1,,db69788b-b294-4cd3-9948-558912bbda80,2021-06-16 13:02:13.916,6.0,147.5,0.0,885.0,,,,80.8223015873016,0.15,132.75,G.S.T.,155.394,932.36,139.85,,,,,d3e047aa-aaf6-4515-96d8-0a7a2c594ff9,2021-05-17 13:02:13.916,c5d2d3ee-f174-4786-819b-de133d30c442
1,2,,fa8403d6-b438-4b4c-ad47-96c5ca686c98,2021-06-16 13:02:13.916,18.0,124.95,0.0,2249.1,,,,86.3,0.15,337.37,G.S.T.,131.6372,2369.47,355.43,,,,,3373866d-60cb-4a26-be55-079c7a6289ba,2021-05-17 13:02:13.916,c5d2d3ee-f174-4786-819b-de133d30c442
0,1,,7b0eda5d-b873-4cd5-8ca0-0d4d279bfbb8,2021-06-13 13:02:13.916,20.0,99.99,0.0,1999.8,,,,40.42938797814208,0.15,299.97,G.S.T.,105.3413,2106.83,316.02,,,,,3470030c-9068-42c0-bffe-2f63f7d44388,2021-05-14 13:02:13.916,c5d2d3ee-f174-4786-819b-de133d30c442
0,1,,fa8403d6-b438-4b4c-ad47-96c5ca686c98,2021-06-10 13:02:13.916,35.0,124.95,0.0,4373.25,,,,86.3,0.15,655.99,G.S.T.,281.1656,9840.8,1476.13,,,,,c8612c95-b5b4-4b76-a164-193fa4307cea,2021-05-11 13:02:13.916,c5d2d3ee-f174-4786-819b-de133d30c442
0,1,,871bcd30-c636-4fe2-a5a0-734bdf961b6c,2021-06-08 13:02:13.916,8.0,2499.99,0.0,19999.92,,,,1773.745786516854,0.0,0.0,NONE,3717.4572,29739.66,0.0,,,,,a08b8224-d8f0-4000-a30a-71d464313ef3,2021-05-09 13:02:13.916,c5d2d3ee-f174-4786-819b-de133d30c442
0,1,,871bcd30-c636-4fe2-a5a0-734bdf961b6c,2021-06-02 13:02:13.916,10.0,2499.99,0.0,24999.9,,,,1772.7358723404254,0.15,3749.99,G.S.T.,5625.5401,56255.4,8438.32,,,,,672ae160-fa87-41a6-aa1c-6c89619a0505,2021-05-03 13:02:13.916,c5d2d3ee-f174-4786-819b-de133d30c442
0,1,,861fd41a-9cbb-49b1-b35f-651867ef6503,2021-05-23 13:02:13.916,5.0,1699.0,0.0,8495.0,,,,804.3901898734177,0.15,1274.25,G.S.T.,1789.9284,8949.64,1342.45,,,,,1ee50aca-a80c-417f-ac3a-1b0fdaada807,2021-04-23 13:02:13.916,c5d2d3ee-f174-4786-819b-de133d30c442
0,1,,861fd41a-9cbb-49b1-b35f-651867ef6503,2021-05-14 13:02:13.916,4.0,1699.0,0.0,6796.0,,,,804.3901927710843,0.0,0.0,NONE,1699.0,6796.0,0.0,,,,,db767588-134b-43ef-8779-b7be426235e7,2021-04-14 13:02:13.916,c5d2d3ee-f174-4786-819b-de133d30c442
0,1,,871bcd30-c636-4fe2-a5a0-734bdf961b6c,2021-05-07 13:02:13.916,3.0,2499.99,0.0,7499.97,,,,1771.2894777777778,0.15,1125.0,G.S.T.,2499.99,7499.97,1125.0,,,,,1c1de605-25b5-44a4-8aea-b3526075e916,2021-04-07 13:02:13.916,c5d2d3ee-f174-4786-819b-de133d30c442
1,2,,db69788b-b294-4cd3-9948-558912bbda80,2021-05-07 13:02:13.916,2.0,147.5,0.0,295.0,,,,80.8223,0.15,44.25,G.S.T.,147.5,295.0,44.25,,,,,be64e074-16cf-40e3-bf56-ffdd5aa2a897,2021-04-07 13:02:13.916,c5d2d3ee-f174-4786-819b-de133d30c442
2,3,,74e86d55-dab8-4142-9f90-befd18e71b59,2021-05-07 13:02:13.916,4.0,185.0,0.0,740.0,,,,67.8,0.15,111.0,G.S.T.,185.0,740.0,111.0,,,,,3c8e32b4-c395-4129-8b4d-226aab5e5dfa,2021-04-07 13:02:13.916,c5d2d3ee-f174-4786-819b-de133d30c442
3,4,,fa8403d6-b438-4b4c-ad47-96c5ca686c98,2021-05-07 13:02:13.916,10.0,124.95,0.0,1249.5,,,,86.3,0.15,187.43,G.S.T.,124.95,1249.5,187.43,,,,,75331bbc-6c4c-409a-9b9d-2fae06981a81,2021-04-07 13:02:13.916,c5d2d3ee-f174-4786-819b-de133d30c442
0,1,,e57b4130-ca43-429d-9adf-2d88086d8b3d,2021-05-02 13:02:13.916,6.0,999.0,0.0,5994.0,,,,489.123,0.0,0.0,NONE,1485.5019,8913.01,0.0,,,,,b4ee3e27-01c6-43aa-bfc2-096216934342,2021-04-02 14:02:13.916,c5d2d3ee-f174-4786-819b-de133d30c442
0,1,,871bcd30-c636-4fe2-a5a0-734bdf961b6c,2021-04-24 13:02:13.916,1.0,2499.99,0.0,2499.99,,,,1771.2894725274725,0.15,375.0,G.S.T.,3717.4572,3717.46,557.62,,,,,e3ee51c6-aa7a-4798-8809-fc9fbaed50cd,2021-03-25 14:02:13.916,c5d2d3ee-f174-4786-819b-de133d30c442
0,1,,db69788b-b294-4cd3-9948-558912bbda80,2021-04-20 13:02:13.916,6.0,147.5,0.0,885.0,,,,80.82230136986301,0.15,132.75,G.S.T.,331.9082,1991.45,298.72,,,,,cd3a94cf-9122-4093-9aac-11455a31f982,2021-03-21 14:02:13.916,c5d2d3ee-f174-4786-819b-de133d30c442
0,1,,fa8403d6-b438-4b4c-ad47-96c5ca686c98,2021-04-16 13:02:13.916,50.0,124.95,0.0,6247.5,,,,86.3,0.15,937.13,G.S.T.,124.95,6247.5,937.13,,,,,33a543e6-177e-4c66-b6f2-4782ff13e2b3,2021-03-17 14:02:13.916,c5d2d3ee-f174-4786-819b-de133d30c442
0,1,,871bcd30-c636-4fe2-a5a0-734bdf961b6c,2021-04-15 13:02:13.916,4.0,2499.99,0.0,9999.96,,,,1771.2894736842106,0.15,1499.99,G.S.T.,2499.99,9999.96,1499.99,,,,,1bff99eb-4e04-418d-a647-3523750a3bfe,2021-03-16 14:02:13.916,c5d2d3ee-f174-4786-819b-de133d30c442
0,1,,fa8403d6-b438-4b4c-ad47-96c5ca686c98,2021-04-10 13:02:13.916,26.0,124.95,0.0,3248.7,,,,86.3,0.0,0.0,NONE,185.7993,4830.78,0.0,,,,,4db4f1f3-40f0-4715-81e2-34515152464a,2021-03-11 14:02:13.916,c5d2d3ee-f174-4786-819b-de133d30c442
0,1,,861fd41a-9cbb-49b1-b35f-651867ef6503,2021-04-09 13:02:13.916,5.0,1699.0,0.0,8495.0,,,,804.390191011236,0.15,1274.25,G.S.T.,1789.9284,8949.64,1342.45,,,,,7f62f6cd-d8e1-4bca-95c8-e670d8ab27bb,2021-03-10 14:02:13.916,c5d2d3ee-f174-4786-819b-de133d30c442
0,1,,74e86d55-dab8-4142-9f90-befd18e71b59,2021-04-05 13:02:13.916,10.0,185.0,0.0,1850.0,,,,67.8,0.15,277.5,G.S.T.,194.901,1949.01,292.35,,,,,d6953e86-d42e-4ee4-83a6-ec53c6e83b04,2021-03-06 14:02:13.916,c5d2d3ee-f174-4786-819b-de133d30c442
0,1,,db69788b-b294-4cd3-9948-558912bbda80,2021-04-02 14:02:13.916,1.0,147.5,0.0,147.5,,,,80.8222972972973,0.0,0.0,NONE,219.3309,219.33,0.0,,,,,4520d957-4760-4923-9913-c1f9605cd805,2021-03-03 14:02:13.916,c5d2d3ee-f174-4786-819b-de133d30c442
0,1,,92749139-34bf-44a7-bfb1-e0aff00e137a,2021-04-01 14:02:13.916,30.0,12.0,0.0,360.0,,,,8.5,0.0,0.0,NONE,17.8439,535.32,0.0,,,,,e0c82edd-e23c-4e88-ac57-942f25b690c8,2021-03-02 14:02:13.916,c5d2d3ee-f174-4786-819b-de133d30c442
0,1,,871bcd30-c636-4fe2-a5a0-734bdf961b6c,2021-03-25 14:02:13.916,1.0,2499.99,0.0,2499.99,,,,1771.082852631579,0.15,375.0,G.S.T.,5625.5401,5625.54,843.83,,,,,cbf9e9a3-8711-4312-8fbe-b98bf63df65b,2021-02-23 14:02:13.916,c5d2d3ee-f174-4786-819b-de133d30c442
0,1,,e57b4130-ca43-429d-9adf-2d88086d8b3d,2021-03-19 14:02:13.916,4.0,999.0,0.0,3996.0,,,,489.123,0.15,599.4,G.S.T.,1052.4652,4209.86,631.48,,,,,25f52134-e085-4a51-8af4-aae3e6ff6bcb,2021-02-17 14:02:13.916,c5d2d3ee-f174-4786-819b-de133d30c442
0,1,,861fd41a-9cbb-49b1-b35f-651867ef6503,2021-03-17 14:02:13.916,3.0,1699.0,0.0,5097.0,,,,804.3901956521739,0.0,0.0,NONE,1699.0,5097.0,0.0,,,,,d8666bdb-ad8a-4942-81b5-1d8b7fd9e812,2021-02-15 14:02:13.916,c5d2d3ee-f174-4786-819b-de133d30c442
0,1,,7b0eda5d-b873-4cd5-8ca0-0d4d279bfbb8,2021-03-15 14:02:13.916,10.0,99.99,0.0,999.9,,,,40.42938860103627,0.0,0.0,NONE,148.684,1486.84,0.0,,,,,9162ec1c-1b0f-440f-beb6-5691f652955f,2021-02-13 14:02:13.916,c5d2d3ee-f174-4786-819b-de133d30c442
0,1,,871bcd30-c636-4fe2-a5a0-734bdf961b6c,2021-03-09 14:02:13.916,2.0,2499.99,0.0,4999.98,,,,1771.082855670103,0.15,750.0,G.S.T.,2499.99,4999.98,750.0,,,,,2f14f11b-73a4-4753-9488-de7dcdd05a7a,2021-02-07 14:02:13.916,c5d2d3ee-f174-4786-819b-de133d30c442
1,2,,fa8403d6-b438-4b4c-ad47-96c5ca686c98,2021-03-09 14:02:13.916,30.0,124.95,0.0,3748.5,,,,86.3,0.15,562.28,G.S.T.,124.95,3748.5,562.28,,,,,14e6e996-5819-47eb-bd88-7bf6d5c2ef19,2021-02-07 14:02:13.916,c5d2d3ee-f174-4786-819b-de133d30c442
2,3,,92749139-34bf-44a7-bfb1-e0aff00e137a,2021-03-09 14:02:13.916,25.0,12.0,0.0,300.0,,,,8.5,0.15,45.0,G.S.T.,12.0,300.0,45.0,,,,,1ecfc80e-d7e5-4841-ab3e-0169a7c76807,2021-02-07 14:02:13.916,c5d2d3ee-f174-4786-819b-de133d30c442
3,4,,db69788b-b294-4cd3-9948-558912bbda80,2021-03-09 14:02:13.916,2.0,147.5,0.0,295.0,,,,80.8223,0.15,44.25,G.S.T.,147.5,295.0,44.25,,,,,9dc130d2-7bc3-4020-9941-4ab2646385c8,2021-02-07 14:02:13.916,c5d2d3ee-f174-4786-819b-de133d30c442
0,1,,01184e86-570a-4a68-ba0d-9ae46e6d4f5e,2021-03-05 14:02:13.916,25.0,4.99,0.0,124.75,,,,0.0,0.15,18.71,G.S.T.,7.4201,185.5,27.82,,,,,b1c6a34b-8178-4c9a-884b-0bd73707c0fe,2021-02-03 14:02:13.916,c5d2d3ee-f174-4786-819b-de133d30c442
0,1,,fa8403d6-b438-4b4c-ad47-96c5ca686c98,2021-02-28 14:02:13.916,35.0,124.95,0.0,4373.25,,,,86.3,0.15,655.99,G.S.T.,281.1656,9840.8,1476.13,,,,,6d7d7783-2837-48c1-9907-da2e886b10d0,2021-01-29 14:02:13.916,c5d2d3ee-f174-4786-819b-de133d30c442
0,1,,74e86d55-dab8-4142-9f90-befd18e71b59,2021-02-24 14:02:13.916,8.0,185.0,0.0,1480.0,,,,67.8,0.0,0.0,NONE,185.0,1480.0,0.0,,,,,d1e7acc3-5b63-4b68-a87b-6d4a346a8409,2021-01-25 14:02:13.916,c5d2d3ee-f174-4786-819b-de133d30c442
0,1,,e57b4130-ca43-429d-9adf-2d88086d8b3d,2021-02-19 14:02:13.916,3.0,999.0,0.0,2997.0,,,,489.123,0.15,449.55,G.S.T.,1052.4652,3157.4,473.61,,,,,34f72e95-2f1a-4875-b3cf-1c1c15a10938,2021-01-20 14:02:13.916,c5d2d3ee-f174-4786-819b-de133d30c442
0,1,,344e29ea-e6de-43d3-82b2-7fb7ba6f7783,2021-02-16 14:02:13.916,30.0,25.0,0.0,750.0,,,,9.44187755102041,0.15,112.5,G.S.T.,25.0,750.0,112.5,,,,,c7694c28-1117-4fe3-b502-6ea24893e883,2021-01-17 14:02:13.916,c5d2d3ee-f174-4786-819b-de133d30c442
1,2,,b5ba0cae-0e4b-460d-b288-16f0b124c0b8,2021-02-16 14:02:13.916,35.0,25.0,0.0,875.0,,,,9.12441522491349,0.15,131.25,G.S.T.,25.0,875.0,131.25,,,,,c06e1e17-b812-4e5d-ac99-9812ece43b96,2021-01-17 14:02:13.916,c5d2d3ee-f174-4786-819b-de133d30c442
2,3,,d5c1e57d-d905-44b8-a15d-887cbc3b2a4e,2021-02-16 14:02:13.916,32.0,25.0,0.0,800.0,,,,9.72706741573034,0.15,120.0,G.S.T.,25.0,800.0,120.0,,,,,3fb8bd60-665b-43d5-a623-cddd06d7e7b4,2021-01-17 14:02:13.916,c5d2d3ee-f174-4786-819b-de133d30c442
0,1,,861fd41a-9cbb-49b1-b35f-651867ef6503,2021-02-15 14:02:13.916,3.0,1699.0,0.0,5097.0,,,,804.3902,0.15,764.55,G.S.T.,1789.9284,5369.79,805.47,,,,,f8a0193c-5762-43ff-9ef1-2f8f586df2b4,2021-01-16 14:02:13.916,c5d2d3ee-f174-4786-819b-de133d30c442
0,1,,fa8403d6-b438-4b4c-ad47-96c5ca686c98,2021-02-09 14:02:13.916,20.0,124.95,0.0,2499.0,,,,86.3,0.15,374.85,G.S.T.,131.6372,2632.74,394.91,,,,,84e0f6d6-d38b-4a8b-ac3c-49f7eb14492d,2021-01-10 14:02:13.916,c5d2d3ee-f174-4786-819b-de133d30c442
0,1,,7b0eda5d-b873-4cd5-8ca0-0d4d279bfbb8,2021-02-04 14:02:13.916,20.0,99.99,0.0,1999.8,,,,40.4293896713615,0.0,0.0,NONE,148.684,2973.68,0.0,,,,,0303aed2-c963-4580-a0e3-c8205164ff37,2021-01-05 14:02:13.916,c5d2d3ee-f174-4786-819b-de133d30c442
0,1,,871bcd30-c636-4fe2-a5a0-734bdf961b6c,2021-02-01 14:02:13.916,2.0,2499.99,0.0,4999.98,,,,1771.0828585858585,0.15,750.0,G.S.T.,2499.99,4999.98,750.0,,,,,fe4de5d3-c5ac-4386-95a2-c0d11ababcf7,2021-01-02 14:02:13.916,c5d2d3ee-f174-4786-819b-de133d30c442
0,1,,b5ba0cae-0e4b-460d-b288-16f0b124c0b8,2021-01-26 14:02:13.916,2.0,25.0,0.0,50.0,,,,9.12441580756014,0.0,0.0,NONE,37.1747,74.35,0.0,,,,,ea530695-3a48-4917-915f-fceaf899f73a,2020-12-27 14:02:13.916,c5d2d3ee-f174-4786-819b-de133d30c442
0,1,,92749139-34bf-44a7-bfb1-e0aff00e137a,2021-01-19 14:02:13.916,10.0,12.0,0.0,120.0,,,,8.5,0.15,18.0,G.S.T.,27.0027,270.03,40.5,,,,,4912c5a1-0ea3-40c2-b863-172b21ff0b9c,2020-12-20 14:02:13.916,c5d2d3ee-f174-4786-819b-de133d30c442
0,1,,5d99ef7e-2439-4b6e-ab60-1137b8d8b5b7,2021-01-18 14:02:13.916,230.0,14.99,0.0,3447.7,,,,9.99,0.15,517.16,G.S.T.,33.7309,7758.11,1163.73,,,,,8cd11b06-ed3f-44e0-ac17-1ae714dd7a59,2020-12-19 14:02:13.916,c5d2d3ee-f174-4786-819b-de133d30c442
0,1,,e57b4130-ca43-429d-9adf-2d88086d8b3d,2021-01-13 14:02:13.916,3.0,999.0,0.0,2997.0,,,,489.123,0.0,0.0,NONE,999.0,2997.0,0.0,,,,,17db1c9f-6783-4719-8508-9cb81b209108,2020-12-14 14:02:13.916,c5d2d3ee-f174-4786-819b-de133d30c442
0,1,,b5ba0cae-0e4b-460d-b288-16f0b124c0b8,2021-01-09 14:02:13.916,1.0,25.0,0.0,25.0,,,,9.12441438356164,0.15,3.75,G.S.T.,37.1747,37.17,5.58,,,,,d0dadd48-98e4-4b52-aaa0-3e9a2548cffd,2020-12-10 14:02:13.916,c5d2d3ee-f174-4786-819b-de133d30c442
0,1,,871bcd30-c636-4fe2-a5a0-734bdf961b6c,2021-01-06 14:02:13.916,1.0,2499.99,0.0,2499.99,,,,1771.08286,0.15,375.0,G.S.T.,2499.99,2499.99,375.0,,,,,0305c10c-8e58-408c-b615-5be4f222daa5,2020-12-07 14:02:13.916,c5d2d3ee-f174-4786-819b-de133d30c442
0,1,,fa8403d6-b438-4b4c-ad47-96c5ca686c98,2021-01-06 14:02:13.916,16.0,124.95,0.0,1999.2,,,,86.3,0.15,299.88,G.S.T.,131.6372,2106.2,315.93,,,,,6b0ec9a0-f8c1-47a2-9191-4c504d39a719,2020-12-07 14:02:13.916,c5d2d3ee-f174-4786-819b-de133d30c442
0,1,,db69788b-b294-4cd3-9948-558912bbda80,2020-12-31 14:02:13.916,1.0,147.5,0.0,147.5,,,,80.82229801324503,0.15,22.13,G.S.T.,155.394,155.39,23.31,,,,,a94a1df6-100a-423e-958a-14f3caf1950d,2020-12-01 14:02:13.916,c5d2d3ee-f174-4786-819b-de133d30c442
1,2,,92749139-34bf-44a7-bfb1-e0aff00e137a,2020-12-31 14:02:13.916,30.0,12.0,0.0,360.0,,,,8.5,0.15,54.0,G.S.T.,12.6422,379.27,56.89,,,,,effbe636-b2b9-4fbb-b506-f5884258dc2a,2020-12-01 14:02:13.916,c5d2d3ee-f174-4786-819b-de133d30c442
2,3,,fa8403d6-b438-4b4c-ad47-96c5ca686c98,2020-12-31 14:02:13.916,15.0,124.95,0.0,1874.25,,,,86.3,0.15,281.14,G.S.T.,131.6372,1974.56,296.19,,,,,5616252e-1de3-40d0-8f79-7445b5db272e,2020-12-01 14:02:13.916,c5d2d3ee-f174-4786-819b-de133d30c442
3,4,,b5ba0cae-0e4b-460d-b288-16f0b124c0b8,2020-12-31 14:02:13.916,2.0,25.0,0.0,50.0,,,,9.12441496598639,0.15,7.5,G.S.T.,26.338,52.68,7.9,,,,,a9a64959-6fc8-4b9e-8e50-eeca748bc5e5,2020-12-01 14:02:13.916,c5d2d3ee-f174-4786-819b-de133d30c442
0,1,,fa8403d6-b438-4b4c-ad47-96c5ca686c98,2020-12-27 14:02:13.916,30.0,124.95,0.0,3748.5,,,,86.3,0.15,562.28,G.S.T.,124.95,3748.5,562.28,,,,,9c0567cf-16e8-404a-9392-a71d48419c8b,2020-11-27 14:02:13.916,c5d2d3ee-f174-4786-819b-de133d30c442
0,1,,871bcd30-c636-4fe2-a5a0-734bdf961b6c,2020-12-21 14:02:13.916,2.0,2499.99,0.0,4999.98,,,,1771.082862745098,0.15,750.0,G.S.T.,2633.7863,5267.57,790.14,,,,,66e33957-54d6-46e3-8fc5-5cb33e2be74b,2020-11-21 14:02:13.916,c5d2d3ee-f174-4786-819b-de133d30c442
0,1,,fa8403d6-b438-4b4c-ad47-96c5ca686c98,2020-12-12 14:02:13.916,25.0,124.95,0.0,3123.75,,,,86.3,0.15,468.56,G.S.T.,281.1656,7029.14,1054.37,,,,,7a2a47e1-fa15-45f2-89db-71c2a9f9d77a,2020-11-12 14:02:13.916,c5d2d3ee-f174-4786-819b-de133d30c442
0,1,,92749139-34bf-44a7-bfb1-e0aff00e137a,2020-12-05 14:02:13.916,30.0,12.0,0.0,360.0,,,,8.5,0.0,0.0,NONE,12.0,360.0,0.0,,,,,84d82af7-5c31-4a56-a984-a2831001641d,2020-11-05 14:02:13.916,c5d2d3ee-f174-4786-819b-de133d30c442
0,1,,e57b4130-ca43-429d-9adf-2d88086d8b3d,2020-11-28 14:02:13.916,3.0,999.0,0.0,2997.0,,,,489.123,0.15,449.55,G.S.T.,2247.9748,6743.92,1011.59,,,,,cbf64591-d875-40d5-8093-f2c9d62e8bd3,2020-10-29 14:02:13.916,c5d2d3ee-f174-4786-819b-de133d30c442
0,1,,01184e86-570a-4a68-ba0d-9ae46e6d4f5e,2020-11-25 14:02:13.916,20.0,4.99,0.0,99.8,,,,0.0,0.15,14.97,G.S.T.,7.4201,148.4,22.26,,,,,3a3fee57-0776-4d81-ae69-3069d171be20,2020-10-26 14:02:13.916,c5d2d3ee-f174-4786-819b-de133d30c442
0,1,,74e86d55-dab8-4142-9f90-befd18e71b59,2020-11-21 14:02:13.916,2.0,185.0,0.0,370.0,,,,67.8,0.0,0.0,NONE,275.0929,550.19,0.0,,,,,cf362f8a-1a41-4c63-b0e2-ed529a61ecb7,2020-10-22 14:02:13.916,c5d2d3ee-f174-4786-819b-de133d30c442
1,2,,7b0eda5d-b873-4cd5-8ca0-0d4d279bfbb8,2020-11-21 14:02:13.916,1.0,99.99,0.0,99.99,,,,40.42938785046729,0.0,0.0,NONE,148.684,148.68,0.0,,,,,82403827-a36d-4723-98bb-c1e5000b4f67,2020-10-22 14:02:13.916,c5d2d3ee-f174-4786-819b-de133d30c442
0,1,,db69788b-b294-4cd3-9948-558912bbda80,2020-11-16 14:02:13.916,3.0,147.5,0.0,442.5,,,,80.8222987012987,0.15,66.38,G.S.T.,155.394,466.18,69.93,,,,,a4dc9185-99bc-44b2-ac69-8811b363ec48,2020-10-17 14:02:13.916,c5d2d3ee-f174-4786-819b-de133d30c442
0,1,,7b0eda5d-b873-4cd5-8ca0-0d4d279bfbb8,2020-11-09 14:02:13.916,10.0,99.99,0.0,999.9,,,,40.42938839285714,0.15,149.99,G.S.T.,225.0,2250.0,337.51,,,,,1df6c021-f23f-4a8e-a0ce-5a9a2a4a81ec,2020-10-10 14:02:13.916,c5d2d3ee-f174-4786-819b-de133d30c442
0,1,,fa8403d6-b438-4b4c-ad47-96c5ca686c98,2020-11-06 14:02:13.916,22.0,124.95,0.0,2748.9,,,,86.3,0.15,412.34,G.S.T.,131.6372,2896.02,434.41,,,,,c91861f3-5b18-4376-8b6d-54e86c1c9934,2020-10-07 14:02:13.916,c5d2d3ee-f174-4786-819b-de133d30c442
1,2,,92749139-34bf-44a7-bfb1-e0aff00e137a,2020-11-06 14:02:13.916,15.0,12.0,0.0,180.0,,,,8.5,0.15,27.0,G.S.T.,12.6422,189.63,28.45,,,,,c3185bbc-a1c6-4267-bd81-c85fb6103481,2020-10-07 14:02:13.916,c5d2d3ee-f174-4786-819b-de133d30c442
0,1,,871bcd30-c636-4fe2-a5a0-734bdf961b6c,2020-10-25 14:02:13.916,2.0,2499.99,0.0,4999.98,,,,1771.0828653846154,0.15,750.0,G.S.T.,2633.7863,5267.57,790.14,,,,,861843d3-a02c-40a9-84c1-96d9b4c08e1e,2020-09-25 13:02:13.916,c5d2d3ee-f174-4786-819b-de133d30c442
0,1,,e57b4130-ca43-429d-9adf-2d88086d8b3d,2020-10-21 14:02:13.916,2.0,999.0,0.0,1998.0,,,,489.123,0.0,0.0,NONE,1485.5019,2971.0,0.0,,,,,cb638059-1c60-478d-b75c-80541f466d49,2020-09-21 13:02:13.916,c5d2d3ee-f174-4786-819b-de133d30c442
0,1,,d5c1e57d-d905-44b8-a15d-887cbc3b2a4e,2020-10-18 14:02:13.916,25.0,25.0,0.0,625.0,,,,9.72706896551724,0.15,93.75,G.S.T.,25.0,625.0,93.75,,,,,5d14a301-d5ba-4f99-aafa-4d045b07e4ba,2020-09-18 13:02:13.916,c5d2d3ee-f174-4786-819b-de133d30c442
0,1,,fa8403d6-b438-4b4c-ad47-96c5ca686c98,2020-10-14 14:02:13.916,20.0,124.95,0.0,2499.0,,,,86.3,0.15,374.85,G.S.T.,124.95,2499.0,374.85,,,,,57ae4cc5-a289-4d51-8e20-7743910018ea,2020-09-14 13:02:13.916,c5d2d3ee-f174-4786-819b-de133d30c442
1,2,,74e86d55-dab8-4142-9f90-befd18e71b59,2020-10-14 14:02:13.916,4.0,185.0,0.0,740.0,,,,67.8,0.15,111.0,G.S.T.,185.0,740.0,111.0,,,,,b2bf5751-42e9-4dcf-9da8-63ee236fc67c,2020-09-14 13:02:13.916,c5d2d3ee-f174-4786-819b-de133d30c442
2,3,,92749139-34bf-44a7-bfb1-e0aff00e137a,2020-10-14 14:02:13.916,20.0,12.0,0.0,240.0,,,,8.5,0.15,36.0,G.S.T.,12.0,240.0,36.0,,,,,856cc5b6-7e1f-4fac-a1ce-c35f47fe9694,2020-09-14 13:02:13.916,c5d2d3ee-f174-4786-819b-de133d30c442
0,1,,74e86d55-dab8-4142-9f90-befd18e71b59,2020-10-07 14:02:13.916,3.0,185.0,0.0,555.0,,,,67.8,0.15,83.25,G.S.T.,416.2916,1248.87,187.33,,,,,382c415a-48c4-4c6c-8d98-e3555ba093c1,2020-09-07 13:02:13.916,c5d2d3ee-f174-4786-819b-de133d30c442
1,2,,c37f950a-4b08-4944-804f-11feea3f99b2,2020-10-07 14:02:13.916,10.0,24.95,0.0,249.5,,,,12.45391603053435,0.15,37.43,G.S.T.,56.1431,561.43,84.23,,,,,2f5472e5-0282-4a9e-8ea8-cfe5dc967800,2020-09-07 13:02:13.916,c5d2d3ee-f174-4786-819b-de133d30c442
2,3,,5d99ef7e-2439-4b6e-ab60-1137b8d8b5b7,2020-10-07 14:02:13.916,80.0,14.99,0.0,1199.2,,,,9.99,0.15,179.88,G.S.T.,33.7309,2698.47,404.77,,,,,b6f72bc9-563a-4cad-ba3e-3c9cc84236e8,2020-09-07 13:02:13.916,c5d2d3ee-f174-4786-819b-de133d30c442
0,1,,92749139-34bf-44a7-bfb1-e0aff00e137a,2020-09-27 14:02:13.916,10.0,12.0,0.0,120.0,,,,8.5,0.15,18.0,G.S.T.,12.6422,126.42,18.96,,,,,e88505f6-0678-4b0d-8bc3-f00f364da740,2020-08-28 13:02:13.916,c5d2d3ee-f174-4786-819b-de133d30c442
0,1,,db69788b-b294-4cd3-9948-558912bbda80,2020-09-23 13:02:13.916,2.0,147.5,0.0,295.0,,,,80.82230128205128,0.0,0.0,NONE,147.5,295.0,0.0,,,,,889af1c8-35bc-4298-915a-167fb38469b7,2020-08-24 13:02:13.916,c5d2d3ee-f174-4786-819b-de133d30c442
0,1,,7b0eda5d-b873-4cd5-8ca0-0d4d279bfbb8,2020-09-16 13:02:13.916,10.0,99.99,0.0,999.9,,,,40.42938888888889,0.15,149.99,G.S.T.,105.3413,1053.41,158.02,,,,,1365f392-bec0-4701-b378-932d3ec664fe,2020-08-17 13:02:13.916,c5d2d3ee-f174-4786-819b-de133d30c442
0,1,,74e86d55-dab8-4142-9f90-befd18e71b59,2020-09-12 13:02:13.916,10.0,185.0,0.0,1850.0,,,,67.8,0.15,277.5,G.S.T.,194.901,1949.01,292.35,,,,,2cc27a83-f3d7-4c72-8cc6-26afa10eb3b6,2020-08-13 13:02:13.916,c5d2d3ee-f174-4786-819b-de133d30c442
0,1,,871bcd30-c636-4fe2-a5a0-734bdf961b6c,2020-09-08 13:02:13.916,1.0,2499.99,0.0,2499.99,,,,1771.0828666666666,0.15,375.0,G.S.T.,5625.5401,5625.54,843.83,,,,,9433231f-bce7-469d-8b5f-4762c1aaa68e,2020-08-09 13:02:13.916,c5d2d3ee-f174-4786-819b-de133d30c442
0,1,,fa8403d6-b438-4b4c-ad47-96c5ca686c98,2020-09-03 13:02:13.916,20.0,124.95,0.0,2499.0,,,,86.3,0.15,374.85,G.S.T.,185.7993,3715.99,557.4,,,,,bcb9abf6-2d59-4fb5-88fb-65f355de374a,2020-08-04 13:02:13.916,c5d2d3ee-f174-4786-819b-de133d30c442
0,1,,fa8403d6-b438-4b4c-ad47-96c5ca686c98,2020-08-28 13:02:13.916,15.0,124.95,0.0,1874.25,,,,86.3,0.0,0.0,NONE,185.7993,2786.99,0.0,,,,,df2757c2-ad69-429b-aa1b-3a5f004a7c51,2020-07-29 13:02:13.916,c5d2d3ee-f174-4786-819b-de133d30c442
0,1,,e57b4130-ca43-429d-9adf-2d88086d8b3d,2020-08-22 13:02:13.916,2.0,999.0,0.0,1998.0,,,,489.123,0.15,299.7,G.S.T.,999.0,1998.0,299.7,,,,,228a1e2a-06f0-4a24-96fc-1a5112a8cb93,2020-07-23 13:02:13.916,c5d2d3ee-f174-4786-819b-de133d30c442
0,1,,db69788b-b294-4cd3-9948-558912bbda80,2020-08-17 13:02:13.916,4.0,147.5,0.0,590.0,,,,80.8223,0.15,88.5,G.S.T.,331.9082,1327.63,199.14,,,,,a0e04bb3-7245-40da-8282-3a9f85a03204,2020-07-18 13:02:13.916,c5d2d3ee-f174-4786-819b-de133d30c442
0,1,,871bcd30-c636-4fe2-a5a0-734bdf961b6c,2020-08-14 13:02:13.916,1.0,2499.99,0.0,2499.99,,,,1771.0828679245283,0.15,375.0,G.S.T.,2633.7863,2633.79,395.07,,,,,8d48a4ae-8327-41a9-a3b7-082d35422b06,2020-07-15 13:02:13.916,c5d2d3ee-f174-4786-819b-de133d30c442
0,1,,fa8403d6-b438-4b4c-ad47-96c5ca686c98,2020-08-07 13:02:13.916,20.0,124.95,0.0,2499.0,,,,86.3,0.15,374.85,G.S.T.,124.95,2499.0,374.85,,,,,085a95dd-115d-432a-8fac-df471c69aefc,2020-07-08 13:02:13.916,c5d2d3ee-f174-4786-819b-de133d30c442
0,1,,74e86d55-dab8-4142-9f90-befd18e71b59,2020-08-01 13:02:13.916,3.0,185.0,0.0,555.0,,,,67.8,0.0,0.0,NONE,185.0,555.0,0.0,,,,,120adf10-0068-4d37-bad3-fed1927c9ee8,2020-07-02 13:02:13.916,c5d2d3ee-f174-4786-819b-de133d30c442
0,1,,7b0eda5d-b873-4cd5-8ca0-0d4d279bfbb8,2020-07-30 13:02:13.916,12.0,99.99,0.0,1199.88,,,,40.42939024390244,0.0,0.0,NONE,148.684,1784.21,0.0,,,,,d43d0730-47ee-4c7d-a532-2fbb6bbc40cc,2020-06-30 13:02:13.916,c5d2d3ee-f174-4786-819b-de133d30c442
0,1,,01184e86-570a-4a68-ba0d-9ae46e6d4f5e,2020-07-23 13:02:13.916,10.0,4.99,0.0,49.9,,,,0.0,0.15,7.49,G.S.T.,7.4201,74.2,11.14,,,,,2ec069d9-02c5-4b6c-b72e-edb0bbc50891,2020-06-23 13:02:13.916,c5d2d3ee-f174-4786-819b-de133d30c442
1,2,,871bcd30-c636-4fe2-a5a0-734bdf961b6c,2020-07-23 13:02:13.916,1.0,2499.99,0.0,2499.99,,,,1771.0828691588786,0.15,375.0,G.S.T.,3717.4572,3717.46,557.62,,,,,cdfc6661-1628-4c33-a1bd-b9ffceaa7376,2020-06-23 13:02:13.916,c5d2d3ee-f174-4786-819b-de133d30c442
2,3,,fa8403d6-b438-4b4c-ad47-96c5ca686c98,2020-07-23 13:02:13.916,10.0,124.95,0.0,1249.5,,,,86.3,0.15,187.43,G.S.T.,185.7993,1857.99,278.71,,,,,905e7e85-9f1c-4f4f-b703-0e314ec715ed,2020-06-23 13:02:13.916,c5d2d3ee-f174-4786-819b-de133d30c442
0,1,,344e29ea-e6de-43d3-82b2-7fb7ba6f7783,2020-07-20 13:02:13.916,3.0,25.0,0.0,75.0,,,,9.44187903225806,0.0,0.0,NONE,25.0,75.0,0.0,,,,,07f619d0-41ff-4603-aad1-713ce6dcab7f,2020-06-20 13:02:13.916,c5d2d3ee-f174-4786-819b-de133d30c442
0,1,,c37f950a-4b08-4944-804f-11feea3f99b2,2020-07-11 13:02:13.916,10.0,24.95,0.0,249.5,,,,12.45391544117647,0.15,37.43,G.S.T.,26.2853,262.85,39.43,,,,,6965a1cf-a732-483a-aedf-75daed89e23f,2020-06-11 13:02:13.916,c5d2d3ee-f174-4786-819b-de133d30c442
0,1,,74e86d55-dab8-4142-9f90-befd18e71b59,2020-07-05 13:02:13.916,5.0,185.0,0.0,925.0,,,,67.8,0.15,138.75,G.S.T.,194.901,974.51,146.18,,,,,c9bc13f4-c340-492f-af6a-0e54664487b0,2020-06-05 13:02:13.916,c5d2d3ee-f174-4786-819b-de133d30c442
0,1,,db69788b-b294-4cd3-9948-558912bbda80,2020-06-29 13:02:13.916,10.0,147.5,0.0,1475.0,,,,80.8223,0.15,221.25,G.S.T.,331.9082,3319.08,497.86,,,,,6be25eb5-7f49-414e-8370-04bb3022e614,2020-05-30 13:02:13.916,c5d2d3ee-f174-4786-819b-de133d30c442
0,1,,e57b4130-ca43-429d-9adf-2d88086d8b3d,2020-06-23 13:02:13.916,2.0,999.0,0.0,1998.0,,,,489.123,0.0,0.0,NONE,999.0,1998.0,0.0,,,,,e52463fc-610a-450f-8551-d2ea4f8e0e88,2020-05-24 13:02:13.916,c5d2d3ee-f174-4786-819b-de133d30c442
0,1,,fa8403d6-b438-4b4c-ad47-96c5ca686c98,2020-06-19 13:02:13.916,20.0,124.95,0.0,2499.0,,,,86.3,0.15,374.85,G.S.T.,124.95,2499.0,374.85,,,,,29dd0636-8c96-4f86-96f0-0468ad69d1a7,2020-05-20 13:02:13.916,c5d2d3ee-f174-4786-819b-de133d30c442
1,2,,92749139-34bf-44a7-bfb1-e0aff00e137a,2020-06-19 13:02:13.916,20.0,12.0,0.0,240.0,,,,8.5,0.15,36.0,G.S.T.,12.0,240.0,36.0,,,,,e5b9b3f2-6476-4f38-806c-752f0886058c,2020-05-20 13:02:13.916,c5d2d3ee-f174-4786-819b-de133d30c442
0,1,,fa8403d6-b438-4b4c-ad47-96c5ca686c98,2020-06-10 13:02:13.916,30.0,124.95,0.0,3748.5,,,,86.3,0.0,0.0,NONE,185.7993,5573.98,0.0,,,,,db0f3e8b-3d0b-4755-a516-9752a0c7b4c9,2020-05-11 13:02:13.916,c5d2d3ee-f174-4786-819b-de133d30c442
0,1,,c37f950a-4b08-4944-804f-11feea3f99b2,2020-05-27 13:02:13.916,6.0,24.95,0.0,149.7,,,,12.45391366906475,0.15,22.46,G.S.T.,56.1431,336.86,50.54,,,,,c7c1a0da-bf6e-4087-b76f-47b4d56bc5e7,2020-04-27 13:02:13.916,c5d2d3ee-f174-4786-819b-de133d30c442
0,1,,92749139-34bf-44a7-bfb1-e0aff00e137a,2020-05-20 13:02:13.916,15.0,12.0,0.0,180.0,,,,8.5,0.15,27.0,G.S.T.,12.6422,189.63,28.45,,,,,ae4ce35b-a98f-4557-a070-7f869ffbb2ed,2020-04-20 13:02:13.916,c5d2d3ee-f174-4786-819b-de133d30c442
0,1,,74e86d55-dab8-4142-9f90-befd18e71b59,2020-05-13 13:02:13.916,3.0,185.0,0.0,555.0,,,,67.8,0.15,83.25,G.S.T.,185.0,555.0,83.25,,,,,b5a62cd5-1e3e-46d0-85b6-efa45138669f,2020-04-13 13:02:13.916,c5d2d3ee-f174-4786-819b-de133d30c442
0,1,,5d99ef7e-2439-4b6e-ab60-1137b8d8b5b7,2020-05-06 13:02:13.916,160.0,14.99,0.0,2398.4,,,,9.99,0.0,0.0,NONE,22.29,3566.4,0.0,,,,,589dd046-ba88-4b02-964d-a777adb55044,2020-04-06 13:02:13.916,c5d2d3ee-f174-4786-819b-de133d30c442
0,1,,344e29ea-e6de-43d3-82b2-7fb7ba6f7783,2020-05-02 13:02:13.916,10.0,25.0,0.0,250.0,,,,9.44187984496124,0.15,37.5,G.S.T.,26.338,263.38,39.51,,,,,958bd7c1-f05d-474a-87f7-49a4eb2bb890,2020-04-02 14:02:13.916,c5d2d3ee-f174-4786-819b-de133d30c442
1,2,,b5ba0cae-0e4b-460d-b288-16f0b124c0b8,2020-05-02 13:02:13.916,10.0,25.0,0.0,250.0,,,,9.12441447368421,0.15,37.5,G.S.T.,26.338,263.38,39.51,,,,,383c13c5-fc92-4ff9-97c9-d50ba5310565,2020-04-02 14:02:13.916,c5d2d3ee-f174-4786-819b-de133d30c442
2,3,,d5c1e57d-d905-44b8-a15d-887cbc3b2a4e,2020-05-02 13:02:13.916,10.0,25.0,0.0,250.0,,,,9.72707042253521,0.15,37.5,G.S.T.,26.338,263.38,39.51,,,,,20419f87-7e2b-42d7-8da3-e2c87168cfc0,2020-04-02 14:02:13.916,c5d2d3ee-f174-4786-819b-de133d30c442
0,1,,01184e86-570a-4a68-ba0d-9ae46e6d4f5e,2020-04-24 13:02:13.916,5.0,4.99,0.0,24.95,,,,0.0,0.15,3.74,G.S.T.,7.4201,37.1,5.56,,,,,01af7094-34bc-4efd-aea2-200c6d43daa2,2020-03-25 14:02:13.916,c5d2d3ee-f174-4786-819b-de133d30c442
0,1,,92749139-34bf-44a7-bfb1-e0aff00e137a,2020-04-20 13:02:13.916,20.0,12.0,0.0,240.0,,,,8.5,0.0,0.0,NONE,12.0,240.0,0.0,,,,,358ac320-1b09-47aa-baae-f90a60086165,2020-03-21 14:02:13.916,c5d2d3ee-f174-4786-819b-de133d30c442
0,1,,e57b4130-ca43-429d-9adf-2d88086d8b3d,2020-04-16 13:02:13.916,2.0,999.0,0.0,1998.0,,,,489.123,0.15,299.7,G.S.T.,2247.9748,4495.95,674.39,,,,,3aa6dcda-f00b-4e61-982e-716c80f6917e,2020-03-17 14:02:13.916,c5d2d3ee-f174-4786-819b-de133d30c442
0,1,,871bcd30-c636-4fe2-a5a0-734bdf961b6c,2020-04-08 13:02:13.916,1.0,2499.99,0.0,2499.99,,,,1771.0828703703703,0.15,375.0,G.S.T.,2499.99,2499.99,375.0,,,,,ea9459da-8fc8-4173-8925-d3794ecfe6d6,2020-03-09 14:02:13.916,c5d2d3ee-f174-4786-819b-de133d30c442
0,1,,fa8403d6-b438-4b4c-ad47-96c5ca686c98,2020-03-30 14:02:13.916,25.0,124.95,0.0,3123.75,,,,86.3,0.0,0.0,NONE,185.7993,4644.98,0.0,,,,,393eb15b-a3af-47b8-809f-617cc99f846d,2020-02-29 14:02:13.916,c5d2d3ee-f174-4786-819b-de133d30c442
0,1,,c37f950a-4b08-4944-804f-11feea3f99b2,2020-03-22 14:02:13.916,2.0,24.95,0.0,49.9,,,,12.45391428571429,0.15,7.49,G.S.T.,56.1431,112.29,16.85,,,,,5300420e-e011-44c8-aa50-c880d9bc6b54,2020-02-21 14:02:13.916,c5d2d3ee-f174-4786-819b-de133d30c442
0,1,,7b0eda5d-b873-4cd5-8ca0-0d4d279bfbb8,2020-03-16 14:02:13.916,2.0,99.99,0.0,199.98,,,,40.42939112903226,0.15,30.0,G.S.T.,105.3413,210.68,31.61,,,,,0f9b6c73-1aa8-4557-a9f6-fe1f08575713,2020-02-15 14:02:13.916,c5d2d3ee-f174-4786-819b-de133d30c442
0,1,,7b0eda5d-b873-4cd5-8ca0-0d4d279bfbb8,2020-03-10 14:02:13.916,5.0,99.99,0.0,499.95,,,,40.42939130434783,0.15,74.99,G.S.T.,105.3413,526.71,79.0,,,,,49e458ac-b91e-4d62-a785-1f4c9edcd4a0,2020-02-09 14:02:13.916,c5d2d3ee-f174-4786-819b-de133d30c442
0,1,,b5ba0cae-0e4b-460d-b288-16f0b124c0b8,2020-03-03 14:02:13.916,20.0,25.0,0.0,500.0,,,,9.12441358024691,0.15,75.0,G.S.T.,25.0,500.0,75.0,,,,,7685b42d-5030-4df9-9ea2-83654d4fd802,2020-02-02 14:02:13.916,c5d2d3ee-f174-4786-819b-de133d30c442
0,1,,c37f950a-4b08-4944-804f-11feea3f99b2,2020-02-29 14:02:13.916,4.0,24.95,0.0,99.8,,,,12.45391549295775,0.15,14.97,G.S.T.,26.2853,105.14,15.77,,,,,40d2bcf6-0524-42cf-9a5e-10cefe4f83ad,2020-01-30 14:02:13.916,c5d2d3ee-f174-4786-819b-de133d30c442
0,1,,7b0eda5d-b873-4cd5-8ca0-0d4d279bfbb8,2020-02-29 14:02:13.916,2.0,99.99,0.0,199.98,,,,40.42939215686275,0.0,0.0,NONE,148.684,297.37,0.0,,,,,6bae93a6-c657-4f7f-aa55-da712af6c804,2020-01-30 14:02:13.916,c5d2d3ee-f174-4786-819b-de133d30c442
0,1,,92749139-34bf-44a7-bfb1-e0aff00e137a,2020-02-21 14:02:13.916,15.0,12.0,0.0,180.0,,,,8.5,0.0,0.0,NONE,12.0,180.0,0.0,,,,,4d990310-1239-459e-bf74-1aaa9e589b92,2020-01-22 14:02:13.916,c5d2d3ee-f174-4786-819b-de133d30c442
1,2,,fa8403d6-b438-4b4c-ad47-96c5ca686c98,2020-02-21 14:02:13.916,25.0,124.95,0.0,3123.75,,,,86.3,0.0,0.0,NONE,124.95,3123.75,0.0,,,,,5d7a2cdb-be98-4214-9122-a6e11a06e980,2020-01-22 14:02:13.916,c5d2d3ee-f174-4786-819b-de133d30c442
2,3,,db69788b-b294-4cd3-9948-558912bbda80,2020-02-21 14:02:13.916,1.0,147.5,0.0,147.5,,,,80.82229824561404,0.0,0.0,NONE,147.5,147.5,0.0,,,,,85cf3b89-7a07-433e-955a-19edfa50860b,2020-01-22 14:02:13.916,c5d2d3ee-f174-4786-819b-de133d30c442
3,4,,e57b4130-ca43-429d-9adf-2d88086d8b3d,2020-02-21 14:02:13.916,1.0,999.0,0.0,999.0,,,,489.123,0.0,0.0,NONE,999.0,999.0,0.0,,,,,ba559621-33f3-4df4-b2bd-00bdd95416e4,2020-01-22 14:02:13.916,c5d2d3ee-f174-4786-819b-de133d30c442
0,1,,871bcd30-c636-4fe2-a5a0-734bdf961b6c,2020-02-08 14:02:13.916,1.0,2499.99,0.0,2499.99,,,,1771.082871559633,0.0,0.0,NONE,3717.4572,3717.46,0.0,,,,,109735c2-c735-4b22-8341-9da375da9cd8,2020-01-09 14:02:13.916,c5d2d3ee-f174-4786-819b-de133d30c442
0,1,,b5ba0cae-0e4b-460d-b288-16f0b124c0b8,2020-01-31 14:02:13.916,5.0,25.0,0.0,125.0,,,,9.12441337386018,0.15,18.75,G.S.T.,56.2556,281.28,42.19,,,,,f083b8d5-a1ec-4069-ade0-a4ac85126682,2020-01-01 14:02:13.916,c5d2d3ee-f174-4786-819b-de133d30c442
0,1,,74e86d55-dab8-4142-9f90-befd18e71b59,2020-01-23 14:02:13.916,4.0,185.0,0.0,740.0,,,,67.8,0.15,111.0,G.S.T.,194.901,779.6,116.94,,,,,fa5fcecc-6c72-4ece-9db8-bd8adb681718,2019-12-24 14:02:13.916,c5d2d3ee-f174-4786-819b-de133d30c442
0,1,,e57b4130-ca43-429d-9adf-2d88086d8b3d,2020-01-13 14:02:13.916,1.0,999.0,0.0,999.0,,,,489.123,0.15,149.85,G.S.T.,999.0,999.0,149.85,,,,,36b0baa2-c09c-4dc0-ba39-41338bc18276,2019-12-14 14:02:13.916,c5d2d3ee-f174-4786-819b-de133d30c442
0,1,,7b0eda5d-b873-4cd5-8ca0-0d4d279bfbb8,2020-01-08 14:02:13.916,4.0,99.99,0.0,399.96,,,,40.42939382239382,0.15,59.99,G.S.T.,225.0,900.0,134.99,,,,,ce419393-e07a-418d-85d2-3b5a00c4283c,2019-12-09 14:02:13.916,c5d2d3ee-f174-4786-819b-de133d30c442
0,1,,01184e86-570a-4a68-ba0d-9ae46e6d4f5e,2020-01-07 14:02:13.916,5.0,4.99,0.0,24.95,,,,0.0,0.15,3.74,G.S.T.,7.4201,37.1,5.56,,,,,2b4f4434-bf9a-4293-983c-855be8d825b3,2019-12-08 14:02:13.916,c5d2d3ee-f174-4786-819b-de133d30c442
1,2,,92749139-34bf-44a7-bfb1-e0aff00e137a,2020-01-07 14:02:13.916,15.0,12.0,0.0,180.0,,,,8.5,0.15,27.0,G.S.T.,17.8439,267.66,40.15,,,,,6bba19e0-0cac-4851-ad62-12768b6fefa6,2019-12-08 14:02:13.916,c5d2d3ee-f174-4786-819b-de133d30c442
0,1,,74e86d55-dab8-4142-9f90-befd18e71b59,2020-01-01 14:02:13.916,2.0,185.0,0.0,370.0,,,,67.8,0.0,0.0,NONE,275.0929,550.19,0.0,,,,,bc2231a4-7dea-470c-910b-85d953b40f6f,2019-12-02 14:02:13.916,c5d2d3ee-f174-4786-819b-de133d30c442
0,1,,5d99ef7e-2439-4b6e-ab60-1137b8d8b5b7,2019-12-23 14:02:13.916,120.0,14.99,0.0,1798.8,,,,9.99,0.15,269.82,G.S.T.,33.7309,4047.71,607.16,,,,,14aa3f25-671b-4fd8-b2e1-0101da997a18,2019-11-23 14:02:13.916,c5d2d3ee-f174-4786-819b-de133d30c442
0,1,,861fd41a-9cbb-49b1-b35f-651867ef6503,2019-12-14 14:02:13.916,1.0,1699.0,0.0,1699.0,,,,804.3901979166667,0.15,254.85,G.S.T.,1789.9284,1789.93,268.49,,,,,f8ea7a7d-d1af-4998-bac0-83200c63d78a,2019-11-14 14:02:13.916,c5d2d3ee-f174-4786-819b-de133d30c442
0,1,,c37f950a-4b08-4944-804f-11feea3f99b2,2019-12-09 14:02:13.916,1.0,24.95,0.0,24.95,,,,12.45391578947368,0.0,0.0,NONE,24.95,24.95,0.0,,,,,ac0703e3-bf23-45d3-a49b-12bf58bdd068,2019-11-09 14:02:13.916,c5d2d3ee-f174-4786-819b-de133d30c442
1,2,,7b0eda5d-b873-4cd5-8ca0-0d4d279bfbb8,2019-12-09 14:02:13.916,1.0,99.99,0.0,99.99,,,,40.42939230769231,0.0,0.0,NONE,99.99,99.99,0.0,,,,,2faa0fea-e0c0-4f8f-a86b-fb32e7622c12,2019-11-09 14:02:13.916,c5d2d3ee-f174-4786-819b-de133d30c442
0,1,,344e29ea-e6de-43d3-82b2-7fb7ba6f7783,2019-12-02 14:02:13.916,10.0,25.0,0.0,250.0,,,,9.44188059701493,0.15,37.5,G.S.T.,26.338,263.38,39.51,,,,,ffa09a20-722f-41e9-93a3-f444ee19c607,2019-11-02 14:02:13.916,c5d2d3ee-f174-4786-819b-de133d30c442
1,2,,b5ba0cae-0e4b-460d-b288-16f0b124c0b8,2019-12-02 14:02:13.916,10.0,25.0,0.0,250.0,,,,9.12441297935103,0.15,37.5,G.S.T.,26.338,263.38,39.51,,,,,5eab8582-61f7-4ed3-91eb-c123bdad8287,2019-11-02 14:02:13.916,c5d2d3ee-f174-4786-819b-de133d30c442
2,3,,d5c1e57d-d905-44b8-a15d-887cbc3b2a4e,2019-12-02 14:02:13.916,10.0,25.0,0.0,250.0,,,,9.72707174887892,0.15,37.5,G.S.T.,26.338,263.38,39.51,,,,,6e6b11cb-3ad4-472c-b1d8-a317ebce3460,2019-11-02 14:02:13.916,c5d2d3ee-f174-4786-819b-de133d30c442
0,1,,92749139-34bf-44a7-bfb1-e0aff00e137a,2019-11-25 14:02:13.916,10.0,12.0,0.0,120.0,,,,8.5,0.15,18.0,G.S.T.,12.6422,126.42,18.96,,,,,a872e3cf-7456-44cc-9584-db95ca9d4187,2019-10-26 14:02:13.916,c5d2d3ee-f174-4786-819b-de133d30c442
0,1,,01184e86-570a-4a68-ba0d-9ae46e6d4f5e,2019-11-23 14:02:13.916,2.0,4.99,0.0,9.98,,,,0.0,0.15,1.5,G.S.T.,7.4201,14.84,2.23,,,,,2fe34e8d-4143-41e2-9c27-f40143e6d684,2019-10-24 14:02:13.916,c5d2d3ee-f174-4786-819b-de133d30c442
0,1,,db69788b-b294-4cd3-9948-558912bbda80,2019-09-19 13:02:13.916,2.0,147.5,0.0,295.0,,,,80.82230057803469,0.15,44.25,G.S.T.,331.9082,663.82,99.57,,,,,2eeef69c-1c65-457c-bd51-767e2620cb90,2019-08-20 13:02:13.916,c5d2d3ee-f174-4786-819b-de133d30c442
0,1,,74e86d55-dab8-4142-9f90-befd18e71b59,2019-09-12 13:02:13.916,1.0,185.0,0.0,185.0,,,,67.8,0.15,27.75,G.S.T.,185.0,185.0,27.75,,,,,9400a697-6909-45af-ac64-2d6bc227553e,2019-08-13 13:02:13.916,c5d2d3ee-f174-4786-819b-de133d30c442
0,1,,b5ba0cae-0e4b-460d-b288-16f0b124c0b8,2019-08-28 13:02:13.916,2.0,25.0,0.0,50.0,,,,9.12441348973607,0.0,0.0,NONE,37.1747,74.35,0.0,,,,,2c16da9d-f99b-4a84-8d02-df176f56c36e,2019-07-29 13:02:13.916,c5d2d3ee-f174-4786-819b-de133d30c442
1,2,,e57b4130-ca43-429d-9adf-2d88086d8b3d,2019-08-28 13:02:13.916,1.0,999.0,0.0,999.0,,,,489.123,0.0,0.0,NONE,1485.5019,1485.5,0.0,,,,,2e6055db-09ad-46bc-ba1a-ee86c2ea7a1c,2019-07-29 13:02:13.916,c5d2d3ee-f174-4786-819b-de133d30c442
0,1,,7b0eda5d-b873-4cd5-8ca0-0d4d279bfbb8,2019-08-20 13:02:13.916,1.0,99.99,0.0,99.99,,,,40.4293908045977,0.0,0.0,NONE,148.684,148.68,0.0,,,,,1fb2659e-ecaa-40b1-a11b-022a12fd4d67,2019-07-21 13:02:13.916,c5d2d3ee-f174-4786-819b-de133d30c442
0,1,,b5ba0cae-0e4b-460d-b288-16f0b124c0b8,2019-08-07 13:02:13.916,2.0,25.0,0.0,50.0,,,,9.1244139941691,0.15,7.5,G.S.T.,25.0,50.0,7.5,,,,,fb472076-dbb7-4a80-b34a-e59cbb936f97,2019-07-08 13:02:13.916,c5d2d3ee-f174-4786-819b-de133d30c442
0,1,,7b0eda5d-b873-4cd5-8ca0-0d4d279bfbb8,2019-07-31 13:02:13.916,1.0,99.99,0.0,99.99,,,,40.4293893129771,0.15,15.0,G.S.T.,225.0,225.0,33.75,,,,,dc960cad-871b-4082-baee-95cef41e7459,2019-07-01 13:02:13.916,c5d2d3ee-f174-4786-819b-de133d30c442
0,1,,d5c1e57d-d905-44b8-a15d-887cbc3b2a4e,2019-07-26 13:02:13.916,1.0,25.0,0.0,25.0,,,,9.72707142857143,0.15,3.75,G.S.T.,25.0,25.0,3.75,,,,,3a6f8938-994a-450e-9f95-dc07503aa820,2019-06-26 13:02:13.916,c5d2d3ee-f174-4786-819b-de133d30c442
1,2,,c37f950a-4b08-4944-804f-11feea3f99b2,2019-07-26 13:02:13.916,1.0,24.95,0.0,24.95,,,,12.45391608391608,0.15,3.74,G.S.T.,24.95,24.95,3.74,,,,,8f6385d1-c377-4c11-911a-a8bc4564f998,2019-06-26 13:02:13.916,c5d2d3ee-f174-4786-819b-de133d30c442
